Name,Address,Location,Type,,,
"King George's Medical University, Lucknow","King George's Medical University, Shah Mina Rd, Chowk, Lucknow, Uttar Pradesh 226003",Lucknow,Government Laboratory,,,
"Institute of Medical Sciences, BHU, Varanasi","Institute of Medical Sciences, BHU, Aurobindo Colony, Banaras Hindu University Campus, Varanasi, Uttar Pradesh 221005",Varanasi,Government Laboratory,,,
"Jawaharlal Nehru Medical College, Aligarh","Jawaharlal Nehru Medical College, Medical Rd, AMU Campus, Aligarh, Uttar Pradesh 202002",Aligarh,Government Laboratory,,,
"Command Hospital, Lucknow","Command Hospital, Lucknow, Uttar Pradesh 226002",Lucknow,Government Laboratory,,,
"Lala Lajpat Rai Memorial Medical College, Meerut","Lala Lajpat Rai Memorial Medical College, Garh Road, Jai Bhim Nagar, Meerut, Uttar Pradesh 250002",Meerut,Government Laboratory,,,
"Sanjay Gandhi Post Graduate Institute, Lucknow","Sanjay Gandhi Post Graduate Institute, New PMSSY Rd, Raibareli Rd, Lucknow, Uttar Pradesh 226014",Lucknow,Government Laboratory,,,
"Uttar Pradesh University of Medical Sciences, Saifai","Uttar Pradesh University of Medical Sciences, Off, Kurawali - Mainpuri - Etawah Rd, Saifai, Uttar Pradesh 206130",Saifai,Government Laboratory,,,
"ICMR- Regional Medical Research Centre, Gorakhpur","ICMR- Regional Medical Research Centre, Baba Raghav Das (BRD) Medical College Campus, Gorakhpur, Uttar Pradesh PIN-273013",Gorakhpur,Government Laboratory,,,
"Maharani Laxmi Bai Medical College, Jhansi","Maharani Laxmi Bai Medical College, Jhansi - Kanpur Road, Jhansi, Uttar Pradesh 284001, India",Jhansi,Government Laboratory,,,
"Motilal Nehru Medical College, Prayagraj","Motilal Nehru Medical College, George Town, Prayagraj, Uttar Pradesh 211002, India",Prayagraj,Government Laboratory,,,
"Dr. Ram Manohar Lohia Institute of Medical Sciences (DR.RMLIMS), Lucknow","Dr. Ram Manohar Lohia Institute of Medical Sciences (DR.RMLIMS), Vibhuti Khand, Gomtinagar, Lucknow-226010, Uttar Pradesh, India",Lucknow,Government Laboratory,,,
"Sarojini Naidu Medical College, Agra","S.N. Medical College, Moti Katra, Agra - 282002 (U.P) India",Agra,Government Laboratory,,,
"Government Institute of Medical Sciences (GIMS), Greater Noida","Government Institute of Medical Sciences (GIMS), Greater Noida, Gautam Buddha Nagar, U.P. - 201310, India",Greater Noida,Government Laboratory,,,
"Ganesh Shanker Vidyarthi Memorial Medical College (GSVM Medical College), Kanpur","Ganesh Shanker Vidyarthi Memorial Medical College (GSVM Medical College), Swaroop Nagar, Kanpur 208002 ,Uttar Pradesh",Kanpur,Government Laboratory,,,
"National Institute of Biologicals, Noida","National Institute of Biologicals, Plot No. A-32, Sector-62, Institutional Area, Noida -201309, Uttar Pradesh, India",Noida,Government Laboratory,,,
"RML Mehrotra Pathology Pvt Ltd., Lucknow","RML Mehrotra Pathology Pvt Ltd., A-21/A, Nirala Nagar, Lucknow, Uttar Pradesh 226020",Lucknow,Private Laboratory,,,
"Department of Laboratory Medicine, Jaypee Hospital, Noida","Department of Laboratory Medicine, Jaypee Hospital, Sector 128, Noida-201304",Noida,Private Laboratory,,,
,,,,,,
,,,,,,
,,,,,,
,,,,,,
,,,,,,
,,,,,,
,,,,,,
,,,,,,
,,,,,,
,,,,,,
,,,,,,
,,,,,,
,,,,,,
,,,,,,
,,,,,,
,,,,,,
,,,,,,
,,,,,,
,,,,,,
,,,,,,
,,,,,,
,,,,,,
